"cpc_children_code","cpc_children_name","cpc_parent_code","cpc_parent_name","fbs_code","fbs_name","cpc_standardized_code"
"0111","Wheat","0111","Wheat",2511,"WHEAT & PRODUCTS","S0111"
"0112","Maize (corn)","0112","Maize (corn)",2514,"MAIZE & PRODUCTS","S0112"
"0113","Rice","0113","Rice",2805,"RICE & PROD (MILLED EQ.)","S0113"
"0114","Sorghum","0114","Sorghum",2518,"SORGHUM & PRODUCTS","S0114"
"0115","Barley","0115","Barley",2513,"BARLEY & PRODUCTS","S0115"
"0116","Rye","0116","Rye",2515,"RYE & PRODUCTS","S0116"
"0117","Oats","0117","Oats",2516,"OATS & PRODUCTS","S0117"
"0118","Millet","0118","Millet",2517,"MILLET & PRODUCTS","S0118"
"01191","Triticale","01191","Triticale",2520,"CEREALS,OTHERS &PRODUCTS","S0119"
"01192","Buckwheat","01192","Buckwheat",2520,"CEREALS,OTHERS &PRODUCTS","S0119"
"01193","Fonio","01193","Fonio",2520,"CEREALS,OTHERS &PRODUCTS","S0119"
"01194","Quinoa","01194","Quinoa",2520,"CEREALS,OTHERS &PRODUCTS","S0119"
"01195","Canary seed","01195","Canary seed",2520,"CEREALS,OTHERS &PRODUCTS","S0119"
"01199.02","Mixed grain","01199.02","Mixed grain",2520,"CEREALS,OTHERS &PRODUCTS","S0119"
"01199.90","Other cereals n.e.","01199.90","Other cereals n.e.",2520,"CEREALS,OTHERS &PRODUCTS","S0119"
"01211","Asparagus","01211","Asparagus",2605,"VEGETABLES, OTHER & PROD","S01290"
"01212","Cabbages","01212","Cabbages",2605,"VEGETABLES, OTHER & PROD","S01290"
"01213","Cauliflowers and broccoli","01213","Cauliflowers and broccoli",2605,"VEGETABLES, OTHER & PROD","S01290"
"01214","Lettuce and chicory","01214","Lettuce and chicory",2605,"VEGETABLES, OTHER & PROD","S01290"
"01215","Spinach","01215","Spinach",2605,"VEGETABLES, OTHER & PROD","S01290"
"01216","Artichokes","01216","Artichokes",2605,"VEGETABLES, OTHER & PROD","S01290"
"01219.01","Cassava leaves","01219.01","Cassava leaves",2605,"VEGETABLES, OTHER & PROD","S01290"
"01221","Watermelons","01221","Watermelons",2625,"FRUIT, OTHER & PRODUCTS","S0139"
"01229","Cantaloupes and other melons","01229","Cantaloupes and other melons",2625,"FRUIT, OTHER & PRODUCTS","S0139"
"01231","Chillies and peppers, green (Capsicum spp. and Pimenta spp.)","01231","Chillies and peppers, green (Capsicum spp. and Pimenta spp.)",2605,"VEGETABLES, OTHER & PROD","S01290"
"01232","Cucumbers and gherkins","01232","Cucumbers and gherkins",2605,"VEGETABLES, OTHER & PROD","S01290"
"01233","Eggplants (aubergines)","01233","Eggplants (aubergines)",2605,"VEGETABLES, OTHER & PROD","S01290"
"01234","Tomatoes","01234","Tomatoes",2601,"TOMATOES & PRODUCTS","S01234"
"01235","Pumpkins, squash and gourds","01235","Pumpkins, squash and gourds",2605,"VEGETABLES, OTHER & PROD","S01290"
"01239.01","Okra","01239.01","Okra",2605,"VEGETABLES, OTHER & PROD","S01290"
"01241.01","String beans","01241.01","String beans",2605,"VEGETABLES, OTHER & PROD","S01290"
"01241.02","Other beans, green","01241.02","Other beans, green",2605,"VEGETABLES, OTHER & PROD","S01290"
"01242","Peas, green","01242","Peas, green",2605,"VEGETABLES, OTHER & PROD","S01290"
"01243","Broad beans and horse beans, green","01243","Broad beans and horse beans, green",2605,"VEGETABLES, OTHER & PROD","S01290"
"01251","Carrots and turnips","01251","Carrots and turnips",2605,"VEGETABLES, OTHER & PROD","S01290"
"01252","Green garlic","01252","Green garlic",2605,"VEGETABLES, OTHER & PROD","S01290"
"01253.01","Onions and shallots, green","01253.01","Onions and shallots, green",2605,"VEGETABLES, OTHER & PROD","S01290"
"01253.02","Onions and shallots, dry (excluding dehydrated)","01253.02","Onions and shallots, dry (excluding dehydrated)",2602,"ONIONS, DRY","S01253"
"01254","Leeks and other alliaceous vegetables","01254","Leeks and other alliaceous vegetables",2605,"VEGETABLES, OTHER & PROD","S01290"
"01270","Mushrooms and truffles","01270","Mushrooms and truffles",2605,"VEGETABLES, OTHER & PROD","S01290"
"01290.01","Green corn (maize)","01290.01","Green corn (maize)",2605,"VEGETABLES, OTHER & PROD","S01290"
"01290.90","Other vegetables, fresh n.e.","01290.90","Other vegetables, fresh n.e.",2605,"VEGETABLES, OTHER & PROD","S01290"
"01311","Avocados","01311","Avocados",2625,"FRUIT, OTHER & PRODUCTS","S0139"
"01312","Bananas","01312","Bananas",2615,"BANANA","S01312"
"01313","Plantains and others","01313","Plantains and others",2616,"PLANTAINS","S01313"
"01314","Dates","01314","Dates",2619,"DATES","S01314"
"01315","Figs","01315","Figs",2625,"FRUIT, OTHER & PRODUCTS","S0139"
"01316","Mangoes, guavas, mangosteens","01316","Mangoes, guavas, mangosteens",2625,"FRUIT, OTHER & PRODUCTS","S0139"
"01317","Papayas","01317","Papayas",2625,"FRUIT, OTHER & PRODUCTS","S0139"
"01318","Pineapples","01318","Pineapples",2618,"PINEAPPLES & PRODUCTS","S01318"
"01319","Other tropical and subtropical fruits, n.e.","01319","Other tropical and subtropical fruits, n.e.",2625,"FRUIT, OTHER & PRODUCTS","S0139"
"01321","Pomelos and grapefruits","01321","Pomelos and grapefruits",2613,"GRAPEFRUIT & PRODUCTS","S01321"
"01322","Lemons and limes","01322","Lemons and limes",2612,"LEMONS, LIMES & PROD.","S01322"
"01323","Oranges","01323","Oranges",2611,"ORANGES,TANG-MAND &PROD.","S01324"
"01324","Tangerines, mandarins, clementines","01324","Tangerines, mandarins, clementines",2611,"ORANGES,TANG-MAND &PROD.","S01324"
"01329","Other citrus fruit, n.e.","01329","Other citrus fruit, n.e.",2614,"CITRUS FRUIT NES & PROD.","S01329"
"01330","Grapes","01330","Grapes",2620,"GRAPES & PROD(EXCL.WINE)","S01330"
"01341","Apples","01341","Apples",2617,"APPLES & PRODUCTS","S01351"
"01342.01","Pears","01342.01","Pears",2625,"FRUIT, OTHER & PRODUCTS","S0139"
"01342.02","Quinces","01342.02","Quinces",2625,"FRUIT, OTHER & PRODUCTS","S0139"
"01343","Apricots","01343","Apricots",2625,"FRUIT, OTHER & PRODUCTS","S0139"
"01344.01","Sour cherries","01344.01","Sour cherries",2625,"FRUIT, OTHER & PRODUCTS","S0139"
"01344.02","Cherries","01344.02","Cherries",2625,"FRUIT, OTHER & PRODUCTS","S0139"
"01345","Peaches and nectarines","01345","Peaches and nectarines",2625,"FRUIT, OTHER & PRODUCTS","S0139"
"01346","Plums and sloes","01346","Plums and sloes",2625,"FRUIT, OTHER & PRODUCTS","S0139"
"01349.10","Pome fruit n.e.","01349.10","Pome fruit n.e.",2625,"FRUIT, OTHER & PRODUCTS","S0139"
"01349.20","Stone fruit, n.e.","01349.20","Stone fruit, n.e.",2625,"FRUIT, OTHER & PRODUCTS","S0139"
"01351.01","Currants","01351.01","Currants",2625,"FRUIT, OTHER & PRODUCTS","S0139"
"01351.02","Gooseberries","01351.02","Gooseberries",2625,"FRUIT, OTHER & PRODUCTS","S0139"
"01352","Kiwi fruit","01352","Kiwi fruit",2625,"FRUIT, OTHER & PRODUCTS","S0139"
"01353.01","Raspeberries","01353.01","Raspeberries",2625,"FRUIT, OTHER & PRODUCTS","S0139"
"01354","Strawberries","01354","Strawberries",2625,"FRUIT, OTHER & PRODUCTS","S0139"
"01355.01","Blueberries","01355.01","Blueberries",2625,"FRUIT, OTHER & PRODUCTS","S0139"
"01355.02","Cranberries and other fruits of the genus Vaccinium","01355.02","Cranberries and other fruits of the genus Vaccinium",2625,"FRUIT, OTHER & PRODUCTS","S0139"
"01355.90","Other berries and fruits of the genus Vaccinium n.e.","01355.90","Other berries and fruits of the genus Vaccinium n.e.",2625,"FRUIT, OTHER & PRODUCTS","S0139"
"01356","Locust beans (carobs)","01356","Locust beans (carobs)",2605,"VEGETABLES, OTHER & PROD","S01290"
"01359.01","Persimmons","01359.01","Persimmons",2625,"FRUIT, OTHER & PRODUCTS","S0139"
"01359.02","Cashewapple","01359.02","Cashewapple",2625,"FRUIT, OTHER & PRODUCTS","S0139"
"01359.90","Other fruits, n.e.","01359.90","Other fruits, n.e.",2625,"FRUIT, OTHER & PRODUCTS","S0139"
"01371","Almonds, in shell","01371","Almonds, in shell",2551,"NUTS & PRODUCTS","S0137"
"01372","Cashew nuts, in shell","01372","Cashew nuts, in shell",2551,"NUTS & PRODUCTS","S0137"
"01373","Chestnuts, in shell","01373","Chestnuts, in shell",2551,"NUTS & PRODUCTS","S0137"
"01374","Hazelnuts, in shell","01374","Hazelnuts, in shell",2551,"NUTS & PRODUCTS","S0137"
"01375","Pistachios, in shell","01375","Pistachios, in shell",2551,"NUTS & PRODUCTS","S0137"
"01376","Walnuts, in shell","01376","Walnuts, in shell",2551,"NUTS & PRODUCTS","S0137"
"01377","Brazil nuts, in shell","01377","Brazil nuts, in shell",2551,"NUTS & PRODUCTS","S0137"
"01379.01","Areca nuts","01379.01","Areca nuts",2551,"NUTS & PRODUCTS","S0137"
"01379.02","Kola nuts","01379.02","Kola nuts",2551,"NUTS & PRODUCTS","S0137"
"01379.90","Other nuts (excluding wild edible nuts and groundnuts), in shell, n.e.","01379.90","Other nuts (excluding wild edible nuts and groundnuts), in shell, n.e.",2551,"NUTS & PRODUCTS","S0137"
"0141","Soya beans","0141","Soya beans",2555,"SOYABEANS & PRODUCTS","S0141"
"0142","Groundnuts, excluding shelled","0142","Groundnuts, excluding shelled",2556,"GROUNDNUTS (SHELLED EQ.)","S0142"
"0143","Cottonseed","0143","Cottonseed",2559,"COTTONSEED","S0143"
"01441","Linseed","01441","Linseed",2570,"OILCROPS, OTHERS","S0149"
"01442","Mustard seed","01442","Mustard seed",2558,"RAPE, MUSTARD SEEDS","S01443"
"01443","Rapeseed or colza seed","01443","Rapeseed or colza seed",2558,"RAPE, MUSTARD SEEDS","S01443"
"01444","Sesame seed","01444","Sesame seed",2561,"SESAMESEED","S01444"
"01445","Sunflower seed","01445","Sunflower seed",2557,"SUNFLOWERSEED","S01445"
"01446","Safflower seed","01446","Safflower seed",2570,"OILCROPS, OTHERS","S0149"
"01447","Castor oil seeds","01447","Castor oil seeds",2570,"OILCROPS, OTHERS","S0149"
"01448","Poppy seed","01448","Poppy seed",2570,"OILCROPS, OTHERS","S0149"
"01449.01","Melonseed","01449.01","Melonseed",2570,"OILCROPS, OTHERS","S0149"
"01449.02","Hempseed","01449.02","Hempseed",2570,"OILCROPS, OTHERS","S0149"
"01449.90","Other oil seeds, n.e.","01449.90","Other oil seeds, n.e.",2570,"OILCROPS, OTHERS","S0149"
"01450","Olives","01450","Olives",2563,"OLIVES","S01450"
"01460","Coconuts, in shell","01460","Coconuts, in shell",2560,"COCONUTS & COPRA","S0146"
"01491.01","Oil palm fruit","01491.01","Oil palm fruit",2562,"PALMKERNELS","S01491"
"01491.02","Palm kernels","01491.02","Palm kernels",2562,"PALMKERNELS","S01491"
"01492","Copra","01460","Coconuts, in shell",2560,"COCONUTS & COPRA","S0146"
"01499.01","Karite Nuts (Sheanuts)","01499.01","Karite Nuts (Sheanuts)",2570,"OILCROPS, OTHERS","S0149"
"01499.02","Tung Nuts","01499.02","Tung Nuts",2570,"OILCROPS, OTHERS","S0149"
"01499.03","Jojoba Seeds","01499.03","Jojoba Seeds",2570,"OILCROPS, OTHERS","S0149"
"01499.04","[Tallowtree Seeds]","01499.04","[Tallowtree Seeds]",2570,"OILCROPS, OTHERS","S0149"
"01499.05","[Kapok fruit]","01499.05","[Kapok fruit]",2570,"OILCROPS, OTHERS","S0149"
"01499.06","Kapokseed in shell","01499.07","Kapokseed, shelled",2570,"OILCROPS, OTHERS","S0149"
"01499.07","Kapokseed, shelled","01499.07","Kapokseed, shelled",2570,"OILCROPS, OTHERS","S0149"
"01510","Potatoes","01510","Potatoes",2531,"POTATOES & PRODUCTS","S01510"
"01520","Cassava","01520","Cassava",2532,"CASSAVA & PRODUCTS","S01520"
"01520.01","Cassava, fresh","01520","Cassava",2532,"CASSAVA & PRODUCTS","S01520"
"01530","Sweet potatoes","01530","Sweet potatoes",2533,"SWEET POTATOES","S01530"
"01540","Yams","01540","Yams",2535,"YAMS","S01540"
"01550","Taro","01550","Taro",2534,"ROOTS&TUBERS,OTH & PROD.","S0159"
"01591","Yautia","01591","Yautia",2534,"ROOTS&TUBERS,OTH & PROD.","S0159"
"01599","Other edible roots and tubers with high starch or inulin content, n.e.","01599","Other edible roots and tubers with high starch or inulin content, n.e.",2534,"ROOTS&TUBERS,OTH & PROD.","S0159"
"01599.10",,"01599","Other edible roots and tubers with high starch or inulin content, n.e.",2534,"ROOTS&TUBERS,OTH & PROD.","S0159"
"01610","Coffee, green","01610","Coffee, green",2630,"COFFEE & PRODUCTS","S0161"
"01620","tea leaves","01620","tea leaves",2635,"TEA","S01620"
"01630","Matï¿½ leaves","01630","Matï¿½ leaves",2635,"TEA","S01620"
"01640","Cocoa beans","01640","Cocoa beans",2633,"COCOA BEANS & PRODUCTS","S01640"
"01651","Pepper (Piper spp.), raw","01651","Pepper (Piper spp.), raw",2640,"PEPPER","S01651"
"01652","Chillies and peppers, dry (Capsicum spp. and Pimenta spp.), raw","01652","Chillies and peppers, dry (Capsicum spp. and Pimenta spp.), raw",2641,"PIMENTO","S01231"
"01653","Nutmeg, mace, cardamoms, raw","01653","Nutmeg, mace, cardamoms, raw",2645,"SPICES, OTHER","S01690"
"01654","Anise, badian, coriander, cumin, caraway, fennel and juniper berries, raw","01654","Anise, badian, coriander, cumin, caraway, fennel and juniper berries, raw",2645,"SPICES, OTHER","S01690"
"01655","Cinnamon (canella), raw","01655","Cinnamon (canella), raw",2645,"SPICES, OTHER","S01690"
"01656","Cloves (whole stems), raw","01656","Cloves (whole stems), raw",2642,"CLOVES","S01656"
"01657","Ginger, raw","01657","Ginger, raw",2645,"SPICES, OTHER","S01690"
"01658","Vanilla, raw","01658","Vanilla, raw",2645,"SPICES, OTHER","S01690"
"01659","Hop cones (fresh and dried)","01659","Hop cones (fresh and dried)",,,
"01691","Chicory roots","01691","Chicory roots",2605,"VEGETABLES, OTHER & PROD","S01290"
"01699","Other stimulant, spice and aromatic crops, n.e.","01699","Other stimulant, spice and aromatic crops, n.e.",2645,"SPICES, OTHER","S01690"
"01701","Beans, dry","01701","Beans, dry",2546,"BEANS, DRY & PRODUCTS","S01241"
"01702","Broad beans and horse beans, dry","01702","Broad beans and horse beans, dry",2549,"PULSES, OTHER & PROD.","S01709"
"01703","Chick peas, dry","01703","Chick peas, dry",2549,"PULSES, OTHER & PROD.","S01709"
"01704","Lentils, dry","01704","Lentils, dry",2549,"PULSES, OTHER & PROD.","S01709"
"01705","Peas, dry","01705","Peas, dry",2547,"PEAS, DRY & PRODUCTS","S01242"
"01706","Cow peas, dry","01706","Cow peas, dry",2549,"PULSES, OTHER & PROD.","S01709"
"01707","Pigeon peas, dry","01707","Pigeon peas, dry",2549,"PULSES, OTHER & PROD.","S01709"
"01708","Bambara beans, dry","01708","Bambara beans, dry",2549,"PULSES, OTHER & PROD.","S01709"
"01709.01","Vetches","01709.01","Vetches",2549,"PULSES, OTHER & PROD.","S01709"
"01709.02","Lupins","01709.02","Lupins",2549,"PULSES, OTHER & PROD.","S01709"
"01709.90","Pulses n.e.","01709.90","Pulses n.e.",2549,"PULSES, OTHER & PROD.","S01709"
"01801","Sugar beet","01801","Sugar beet",2537,"SUGAR BEETS","S01801"
"01802","Sugar cane","01802","Sugar cane",2536,"SUGAR CANE","S01802"
"01809","Other sugar crops n.e.","01809","Other sugar crops n.e.",2543,"SWEETENERS, OTHER & PROD","S2543"
"01911","Maize for forage and silage","01911","Maize for forage and silage",,,
"01912","Alfalfa for forage and silage","01912","Alfalfa for forage and silage",,,
"01913","Cereal straw, husks, unprepared, ground, pressed, or in the form of pellets","01913","Cereal straw, husks, unprepared, ground, pressed, or in the form of pellets",,,
"01919.01","Beet, Beta vulgaris for forage","01919.01","Beet, Beta vulgaris for forage",,,
"01919.02","Swedes (swede turnips) for forage","01919.02","Swedes (swede turnips) for forage",,,
"01919.03","Hay, non leguminous","01919.03","Hay, non leguminous",,,
"01919.04","Sorghum for forage","01919.04","Sorghum for forage",,,
"01919.05","Rye grass for forage","01919.05","Rye grass for forage",,,
"01919.06","Grasses nes for forage","01919.06","Grasses nes for forage",,,
"01919.07","Clover for forage","01919.07","Clover for forage",,,
"01919.08","Green oilseeds for silage","01919.08","Green oilseeds for silage",,,
"01919.09","Legumes for silage","01919.09","Legumes for silage",,,
"01919.10","Cabbage for fodder","01919.10","Cabbage for fodder",,,
"01919.11","Pumpkins for fodder","01919.11","Pumpkins for fodder",,,
"01919.12","Turnips for fodder","01919.12","Turnips for fodder",,,
"01919.13","Carrots for fodder","01919.13","Carrots for fodder",,,
"01919.14","Hay (Clover, Lucerne, et)","01919.14","Hay (Clover, Lucerne, et)",,,
"01919.91","Other hay n.e.","01919.91","Other hay n.e.",,,
"01919.92","Other forage products n.e.","01919.92","Other forage products n.e.",,,
"01919.93","Leaves, Tops and Vines n.e.","01919.93","Leaves, Tops and Vines n.e.",,,
"01919.94","Vegetables, roots fodder n.e.","01919.94","Vegetables, roots fodder n.e.",,,
"01921.01","Seed cotton, unginned","0143","Cottonseed",,,
"01921.02","Cotton lint, ginned","01921.02","Cotton lint, ginned",2661,"COTTON, LINT","S01921"
"01922.01","Jute, raw or retted","01922.01","Jute, raw or retted",2662,"JUTE","S01922"
"01922.02","Kenaf, and other textile bast fibres, raw or retted","01922.02","Kenaf, and other textile bast fibres, raw or retted",2663,"FIBRES,JUTE-LIKE","S2617"
"01929.01","Flax, raw or retted","01929.01","Flax, raw or retted",2664,"FIBRES, SOFT OTHERS","S2619"
"01929.02","True hemp, raw or retted","01929.02","True hemp, raw or retted",2664,"FIBRES, SOFT OTHERS","S2619"
"01929.03","Ramie, raw","01929.03","Ramie, raw",2664,"FIBRES, SOFT OTHERS","S2619"
"01929.04","Sisal, raw","01929.04","Sisal, raw",2665,"SISAL","S01929.04"
"01929.05","Abaca, Manila hemp, raw","01929.05","Abaca, Manila hemp, raw",2666,"ABACA","S01929.05"
"01929.06","Coir","01929.06","Coir",2667,"FIBRES, HARD OTHERS","S2667"
"01929.07","Kapok fibre","01929.07","Kapok fibre",2664,"FIBRES, SOFT OTHERS","S2619"
"01929.90","Other fibre crops n.e.","01929.90","Other fibre crops n.e.",2667,"FIBRES, HARD OTHERS","S2667"
"01929.91","Agave fibres n.e.","01929.91","Agave fibres n.e.",2667,"FIBRES, HARD OTHERS","S2667"
"01930.01","Peppermint, spearmint","01930.01","Peppermint, spearmint",,,
"01930.02","Pyrethrum, dried flowers","01930.02","Pyrethrum, dried flowers",,,
"01930.03","Pyrethrum Marc","01930.03","Pyrethrum Marc",,,
"01930.04","Tea nes (herbal tea)","01930.04","Tea nes (herbal tea)",,,
"01950.01","Natural rubber in primary forms","01950.01","Natural rubber in primary forms",2672,"NATURAL RUBBER (DRY EQ.)","S0195"
"01950.02","Natural rubber in other forms","01950.01","Natural rubber in primary forms",2672,"NATURAL RUBBER (DRY EQ.)","S0195"
"01970","Unmanufactured tobacco","01970","Unmanufactured tobacco",2671,"TOBACCO & PRODUCTS","S250"
"01990.01","Vegetable products, fresh or dry nes","01990.01","Vegetable products, fresh or dry nes",,,
"02111","Cattle","02111","Cattle",2701,"CATTLE","S0211"
"02112","Buffalo","02112","Buffalo",2702,"BUFFALOES","S02112"
"02121.01","Camels","02121.01","Camels",,,
"02121.02","Other camelids","02121.02","Other camelids",,,
"02122","Sheep","02122","Sheep",2703,"SHEEP","S02122"
"02123","Goats","02123","Goats",2704,"GOATS","S02123"
"02131","Horses","02131","Horses",,,
"02132","Asses","02132","Asses",,,
"02133","Mules and hinnies","02133","Mules and hinnies",,,
"02140","Swine / pigs","02140","Swine / pigs",2705,"PIGS","S02140"
"02151","Chickens","02151","Chickens",2706,"POULTRY","S0215"
"02152","Turkeys","02152","Turkeys",2706,"POULTRY","S0215"
"02153","Geese","02153","Geese",2706,"POULTRY","S0215"
"02154","Ducks","02154","Ducks",2706,"POULTRY","S0215"
"02191","Rabbits and hares","02191","Rabbits and hares",,,
"02192.01","Other rodents","02192.01","Other rodents",,,
"02194","Other birds","02194","Other birds",2706,"POULTRY","S0215"
"02196","Bees","02196","Bees",,,
"02199.20","Other live animals, n.e.","02199.20","Other live animals, n.e.",,,
"02211","Raw milk of cattle","02211","Raw milk of cattle",2848,"MILK & PROD (EXCL BUTTER","S2211"
"02212","Raw milk of buffalo","02212","Raw milk of buffalo",2848,"MILK & PROD (EXCL BUTTER","S2211"
"02291","Raw milk of sheep","02291","Raw milk of sheep",2848,"MILK & PROD (EXCL BUTTER","S2211"
"02292","Raw milk of goats","02292","Raw milk of goats",2848,"MILK & PROD (EXCL BUTTER","S2211"
"02293","Raw milk of camel","02293","Raw milk of camel",2848,"MILK & PROD (EXCL BUTTER","S2211"
"0231","Hen eggs in shell, fresh","0231","Hen eggs in shell, fresh",2744,"EGGS & PRODUCTS","S023"
"0232","Eggs from other birds in shell, fresh, n.e.","0232","Eggs from other birds in shell, fresh, n.e.",2744,"EGGS & PRODUCTS","S023"
"02910","Natural honey","02910","Natural honey",2745,"HONEY","S0291"
"02920","Snails, fresh, chilled, frozen, dried, salted or in brine, except sea snails","02920","Snails, fresh, chilled, frozen, dried, salted or in brine, except sea snails",2735,"MEAT & PROD, OTHER ANIM.","S2119"
"02941","Shorn wool, greasy, including fleece-washed shorn wool","02941","Shorn wool, greasy, including fleece-washed shorn wool",2746,"WOOL (CLEAN EQUIVALENT)","S2615"
"02942.02","Coarse goat hair","02942.02","Coarse goat hair",,,
"02942.90","Other coarse animal hair","02942.90","Other coarse animal hair",,,
"02943.01","Fine goat hair","02943.01","Fine goat hair",,,
"02943.02","Fine hair, n.e.","02943.02","Fine hair, n.e.",,,
"02944","Silk-worm cocoons suitable for reeling","02944","Silk-worm cocoons suitable for reeling",2747,"SILK","S02944"
"02951.01","Raw hides and skins of cattle","02951.01","Raw hides and skins of cattle",2748,"HIDES & SKINS","S0295"
"02951.02","Raw hides and skins of calves","02951.02","Raw hides and skins of calves",,,
"02951.03","Raw hides and skins of buffaloes","02951.03","Raw hides and skins of buffaloes",2748,"HIDES & SKINS","S0295"
"02951.04","Hides, Wet-Salted (Cattle)","02951.01","Raw hides and skins of cattle",2748,"HIDES & SKINS","S0295"
"02951.05","Hides, Dry-Salted (Cattle)","02951.01","Raw hides and skins of cattle",2748,"HIDES & SKINS","S0295"
"02951.06","Skins, Wet-Salted (Calves)","02951.01","Raw hides and skins of cattle",2748,"HIDES & SKINS","S0295"
"02951.07","Skins, Dry-Salted (Calves)","02951.01","Raw hides and skins of cattle",2748,"HIDES & SKINS","S0295"
"02951.08","Hides, Wet-Salted (Buffalo)","02951.03","Raw hides and skins of buffaloes",2748,"HIDES & SKINS","S0295"
"02951.09","Hides, Dry-Salted (Buffalo)","02951.03","Raw hides and skins of buffaloes",2748,"HIDES & SKINS","S0295"
"02951.91","Hides n.e., Cattle","02951.01","Raw hides and skins of cattle",2748,"HIDES & SKINS","S0295"
"02951.92","Skins n.e., Calves","02951.01","Raw hides and skins of cattle",2748,"HIDES & SKINS","S0295"
"02952.01","Horse hides, fresh","02952.01","Horse hides, fresh",2748,"HIDES & SKINS","S0295"
"02952.02","Hides of asses, fresh","02952.02","Hides of asses, fresh",2748,"HIDES & SKINS","S0295"
"02952.03","Hides of mules, fresh","02952.03","Hides of mules, fresh",2748,"HIDES & SKINS","S0295"
"02952.04","Hides, Wet-Salted (Horses)","02952.01","Horse hides, fresh",2748,"HIDES & SKINS","S0295"
"02952.05","Hides, Dry-Salted (Horses)","02952.01","Horse hides, fresh",2748,"HIDES & SKINS","S0295"
"02952.90","Hides n.e., Horses","02952.01","Horse hides, fresh",2748,"HIDES & SKINS","S0295"
"02953","Raw hides and skins of sheep or lambs","02953","Raw hides and skins of sheep or lambs",2748,"HIDES & SKINS","S0295"
"02953.01","Raw hides and skins of sheep or lambs, with wool on","02953","Raw hides and skins of sheep or lambs",2748,"HIDES & SKINS","S0295"
"02953.03","Skins, Wet-Salted (Sheep)","02953","Raw hides and skins of sheep or lambs",2748,"HIDES & SKINS","S0295"
"02953.04","Skins, Dry-Salted (Sheep)","02953","Raw hides and skins of sheep or lambs",2748,"HIDES & SKINS","S0295"
"02953.05","Skins nes, Sheep","02953","Raw hides and skins of sheep or lambs",2748,"HIDES & SKINS","S0295"
"02954","Raw hides and skins of goats or kids","02954","Raw hides and skins of goats or kids",2748,"HIDES & SKINS","S0295"
"02954.01","Skins, Wet-Salted (Goats)","02954","Raw hides and skins of goats or kids",2748,"HIDES & SKINS","S0295"
"02954.02","Skins, Dry-Salted (Goats)","02954","Raw hides and skins of goats or kids",2748,"HIDES & SKINS","S0295"
"02954.90","Skins n.e., Goats","02954","Raw hides and skins of goats or kids",2748,"HIDES & SKINS","S0295"
"02955.01","Karakul skins","02955.01","Karakul skins",2748,"HIDES & SKINS","S0295"
"02955.02","Rabbit skins","02955.02","Rabbit skins",2748,"HIDES & SKINS","S0295"
"02955.90","Other raw furskins n.e.","02955.90","Other raw furskins n.e.",2748,"HIDES & SKINS","S0295"
"02959.01","Raw skins of swine","02959.01","Raw skins of swine",2748,"HIDES & SKINS","S0295"
"02959.02","Raw skins of camels","02959.02","Raw skins of camels",2748,"HIDES & SKINS","S0295"
"02959.03","Skins, Wet-Salted (Pigs)","02959.01","Raw skins of swine",2748,"HIDES & SKINS","S0295"
"02959.04","Skins, Dry-Salted (Pigs)","02959.01","Raw skins of swine",2748,"HIDES & SKINS","S0295"
"02959.05","Skins n.e., Pigs","02959.01","Raw skins of swine",2748,"HIDES & SKINS","S0295"
"02959.06","Hides, Wet-Salted (Camels)","02959.02","Raw skins of camels",2748,"HIDES & SKINS","S0295"
"02959.07","Hides, Dry-Salted (Camels)","02959.02","Raw skins of camels",2748,"HIDES & SKINS","S0295"
"02959.08","Hides n.e., Camels","02959.02","Raw skins of camels",2748,"HIDES & SKINS","S0295"
"02959.20","Other hides, wet-salted n.e.","02959.90","Other raw hides and skins n.e.",2748,"HIDES & SKINS","S0295"
"02959.30","Other hides, dry-salted n.e.","02959.90","Other raw hides and skins n.e.",2748,"HIDES & SKINS","S0295"
"02959.40","Hides n.e.","02959.40","Hides n.e.",,,
"02959.90","Other raw hides and skins n.e.","02959.90","Other raw hides and skins n.e.",2748,"HIDES & SKINS","S0295"
"02960.01","Beeswax","02960.01","Beeswax",,,
"02960.02","Spermaceti","02960.02","Spermaceti",,,
"03211","Balata, gutta-percha, guayule, chicle and similar natural gums in primary forms or in plates, sheets or strip","03211","Balata, gutta-percha, guayule, chicle and similar natural gums in primary forms or in plates, sheets or strip",,,
"03219.01","Arabic gum","03219.01","Arabic gum",,,
"03219.90","Other lac, resins, balsams, natural gums and other resins n.e.","03219.90","Other lac, resins, balsams, natural gums and other resins n.e.",,,
"17400","Ice and snow","17400","Ice and snow",,,
"21111.01","Meat of cattle, fresh or chilled","21111.01","Meat of cattle, fresh or chilled",2731,"MEAT & PRODUCTS, BOVINE","S21111"
"21111.02","Meat of cattle boneless, fresh or chilled","21111.01","Meat of cattle, fresh or chilled",2731,"MEAT & PRODUCTS, BOVINE","S21111"
"21112","Meat of buffalo, fresh or chilled","21112","Meat of buffalo, fresh or chilled",2731,"MEAT & PRODUCTS, BOVINE","S21111"
"21113.01","Meat of pig, fresh or chilled","21113.01","Meat of pig, fresh or chilled",2733,"MEAT & PRODUCTS, PIG","S21113"
"21113.02","Meat of pig boneless (pork), fresh or chilled","21113.01","Meat of pig, fresh or chilled",2733,"MEAT & PRODUCTS, PIG","S21113"
"21114","Meat of rabbits and hares, fresh or chilled","21114","Meat of rabbits and hares, fresh or chilled",2735,"MEAT & PROD, OTHER ANIM.","S2119"
"21115","Meat of sheep, fresh or chilled","21115","Meat of sheep, fresh or chilled",2732,"MEAT & PROD, SHEEP&GOAT","S21116"
"21116","Meat of goat, fresh or chilled","21116","Meat of goat, fresh or chilled",2732,"MEAT & PROD, SHEEP&GOAT","S21116"
"21117.01","Meat of camels (fresh)","21117.01","Meat of camels (fresh)",2735,"MEAT & PROD, OTHER ANIM.","S2119"
"21117.02","Meat of other domestic camelids (fresh)","21117.02","Meat of other domestic camelids (fresh)",2735,"MEAT & PROD, OTHER ANIM.","S2119"
"21118.01","Horse meat (fresh)","21118.01","Horse meat (fresh)",2735,"MEAT & PROD, OTHER ANIM.","S2119"
"21118.02","Meat of asses (fresh)","21118.02","Meat of asses (fresh)",2735,"MEAT & PROD, OTHER ANIM.","S2119"
"21118.03","Meat of mules (fresh)","21118.03","Meat of mules (fresh)",2735,"MEAT & PROD, OTHER ANIM.","S2119"
"21119.01","Meat of other domestic rodents (fresh)","21119.01","Meat of other domestic rodents (fresh)",2735,"MEAT & PROD, OTHER ANIM.","S2119"
"21119.90","Other meat of mammals, fresh or chilled","21119.90","Other meat of mammals, fresh or chilled",2735,"MEAT & PROD, OTHER ANIM.","S2119"
"21121","Meat of chickens, fresh or chilled","21121","Meat of chickens, fresh or chilled",2734,"MEAT & PRODUCTS, POULTRY","S2112"
"21122","Meat of ducks, fresh or chilled","21122","Meat of ducks, fresh or chilled",2734,"MEAT & PRODUCTS, POULTRY","S2112"
"21123","Meat of geese, fresh or chilled","21123","Meat of geese, fresh or chilled",2734,"MEAT & PRODUCTS, POULTRY","S2112"
"21124","Meat of turkeys, fresh or chilled","21124","Meat of turkeys, fresh or chilled",2734,"MEAT & PRODUCTS, POULTRY","S2112"
"21151","Edible offal of cattle, fresh, chilled or frozen","21151","Edible offal of cattle, fresh, chilled or frozen",2736,"OFFALS, EDIBLE","S21170.93"
"21152","Edible offal of buffalo, fresh, chilled or frozen","21152","Edible offal of buffalo, fresh, chilled or frozen",2736,"OFFALS, EDIBLE","S21170.93"
"21153","Edible offal of pigs, fresh, chilled or frozen","21153","Edible offal of pigs, fresh, chilled or frozen",2736,"OFFALS, EDIBLE","S21170.93"
"21155","Edible offal of sheep, fresh, chilled or frozen","21155","Edible offal of sheep, fresh, chilled or frozen",2736,"OFFALS, EDIBLE","S21170.93"
"21156","Edible offal of goat, fresh, chilled or frozen","21156","Edible offal of goat, fresh, chilled or frozen",2736,"OFFALS, EDIBLE","S21170.93"
"21159.01","Edible offals of horses and other equines,  fresh, chilled or frozen","21159.01","Edible offals of horses and other equines,  fresh, chilled or frozen",2736,"OFFALS, EDIBLE","S21170.93"
"21159.02","Edible offals of camels and other camelids, fresh, chilled or frozen","21159.02","Edible offals of camels and other camelids, fresh, chilled or frozen",2736,"OFFALS, EDIBLE","S21170.93"
"21160.01","Edible offals and liver of chickens and guinea fowl, fresh, chilled or frozen","21160.01","Edible offals and liver of chickens and guinea fowl, fresh, chilled or frozen",2736,"OFFALS, EDIBLE","S21170.93"
"21160.02","Edible offals and liver of geese, fresh, chilled or frozen","21160.02","Edible offals and liver of geese, fresh, chilled or frozen",2736,"OFFALS, EDIBLE","S21170.93"
"21160.03","Edible offals and liver of ducks, fresh, chilled or frozen","21160.03","Edible offals and liver of ducks, fresh, chilled or frozen",2736,"OFFALS, EDIBLE","S21170.93"
"21160.04","Edible offals and liver of turkey,fresh, chilled or frozen","21160.04","Edible offals and liver of turkey,fresh, chilled or frozen",2736,"OFFALS, EDIBLE","S21170.93"
"21170.01","Meat of pigeons and other birds n.e., fresh or chilled","21170.01","Meat of pigeons and other birds n.e., fresh or chilled",2735,"MEAT & PROD, OTHER ANIM.","S2119"
"21170.02","Game meat, fresh or chilled","21170.02","Game meat, fresh or chilled",2735,"MEAT & PROD, OTHER ANIM.","S2119"
"21170.93","Offals n.e. (excluding mammals)","21170.93","Offals n.e. (excluding mammals)",2736,"OFFALS, EDIBLE","S21170.93"
"21181","Pig meat, cuts, salted, dried or smoked (bacon and ham)","21113.01","Meat of pig, fresh or chilled",2733,"MEAT & PRODUCTS, PIG","S21113"
"21182","Bovine meat, salted, dried or smoked","21111.01","Meat of cattle, fresh or chilled",2731,"MEAT & PRODUCTS, BOVINE","S21111"
"21183","Other meat and edible meat offal, salted, in brine, dried or smoked; edible flours and meals of meat or meat offal","21119.90","Other meat of mammals, fresh or chilled",2735,"MEAT & PROD, OTHER ANIM.","S2119"
"21184.01","Sausages and similar products of meat, offal or blood of beef and veal","21111.01","Meat of cattle, fresh or chilled",2731,"MEAT & PRODUCTS, BOVINE","S21111"
"21184.02","Sausages and similar products of meat, offal or blood of pig","21113.01","Meat of pig, fresh or chilled",2733,"MEAT & PRODUCTS, PIG","S21113"
"21185","Extracts and juices of meat, fish, crustaceans, molluscs or other aquatic invertebrates","21111.01","Meat of cattle, fresh or chilled",2731,"MEAT & PRODUCTS, BOVINE","S21111"
"21189.04","Liver Preparations","21151","Edible offal of cattle, fresh, chilled or frozen",2736,"OFFALS, EDIBLE","S21170.93"
"21189.05","Fatty Liver Preparations","21121","Meat of chickens, fresh or chilled",2734,"MEAT & PRODUCTS, POULTRY","S2112"
"21190.01","Meat meal","21190.01","Meat meal",2749,"MEAT & BLOOD MEAL","S21190.01"
"21190.02","Blood meal","21190.02","Blood meal",2749,"MEAT & BLOOD MEAL","S21190.01"
"21313","Potatoes, frozen","01510","Potatoes",2531,"POTATOES & PRODUCTS","S01510"
"21319.01","Sweet Corn, Frozen","01290.01","Green corn (maize)",2605,"VEGETABLES, OTHER & PROD","S01290"
"21321","Tomato juice","01234","Tomatoes",2601,"TOMATOES & PRODUCTS","S01234"
"21329","Other vegetable juices","01290.90","Other vegetables, fresh n.e.",2605,"VEGETABLES, OTHER & PROD","S01290"
"21330","Vegetables provisionally preserved","01290.90","Other vegetables, fresh n.e.",2605,"VEGETABLES, OTHER & PROD","S01290"
"21340","Vegetables, pulses and potatoes, preserved by vinegar or acetic acid","01290.90","Other vegetables, fresh n.e.",2605,"VEGETABLES, OTHER & PROD","S01290"
"21392","Flour, meal, powder, flakes, granules and pellets of potatoes","01510","Potatoes",2531,"POTATOES & PRODUCTS","S01510"
"21393.01","Dried Mushrooms","01270","Mushrooms and truffles",2605,"VEGETABLES, OTHER & PROD","S01290"
"21393.90","Vegetables, Dehydrated","01290.90","Other vegetables, fresh n.e.",2605,"VEGETABLES, OTHER & PROD","S01290"
"21397.01","Canned Mushrooms","01270","Mushrooms and truffles",2605,"VEGETABLES, OTHER & PROD","S01290"
"21399.01","Paste of Tomatoes","01234","Tomatoes",2601,"TOMATOES & PRODUCTS","S01234"
"21399.02","Tomatoes, Peeled (O/T vinegar)","01234","Tomatoes",2601,"TOMATOES & PRODUCTS","S01234"
"21399.03","Sweet Corn, Prepared or Preserved","01290.01","Green corn (maize)",2605,"VEGETABLES, OTHER & PROD","S01290"
"21411","Raisins","01330","Grapes",2620,"GRAPES & PROD(EXCL.WINE)","S01330"
"21412","Plums, dried","01346","Plums and sloes",2625,"FRUIT, OTHER & PRODUCTS","S0139"
"21419.01","Apricots, Dried","01343","Apricots",2625,"FRUIT, OTHER & PRODUCTS","S0139"
"21419.02","Figs, Dried","01315","Figs",2625,"FRUIT, OTHER & PRODUCTS","S0139"
"21419.05","Fruit, dried nes","01359.90","Other fruits, n.e.",2625,"FRUIT, OTHER & PRODUCTS","S0139"
"21419.90","Fruit, tropical dried n.e. (incl. mango and pineapple)","01319","Other tropical and subtropical fruits, n.e.",2625,"FRUIT, OTHER & PRODUCTS","S0139"
"21421","Groundnuts, shelled","0142","Groundnuts, excluding shelled",2556,"GROUNDNUTS (SHELLED EQ.)","S0142"
"21422","Almonds, shelled","01371","Almonds, in shell",2551,"NUTS & PRODUCTS","S0137"
"21423","Hazelnuts, shelled","01374","Hazelnuts, in shell",2551,"NUTS & PRODUCTS","S0137"
"21424","Cashew nuts, shelled","01372","Cashew nuts, in shell",2551,"NUTS & PRODUCTS","S0137"
"21429.01","Brazil Nuts, Shelled","01377","Brazil nuts, in shell",2551,"NUTS & PRODUCTS","S0137"
"21429.02","Walnuts, Shelled","01376","Walnuts, in shell",2551,"NUTS & PRODUCTS","S0137"
"21429.07","Coconuts, Desiccated","01460","Coconuts, in shell",2560,"COCONUTS & COPRA","S0146"
"21431.01","Orange Juice","01323","Oranges",2611,"ORANGES,TANG-MAND &PROD.","S01324"
"21431.02","Orange Juice, Concentrated","01323","Oranges",2611,"ORANGES,TANG-MAND &PROD.","S01324"
"21432","Grapefruit juice","01321","Pomelos and grapefruits",2613,"GRAPEFRUIT & PRODUCTS","S01321"
"21432.01","Grapefruit Juice, Concentrated","01321","Pomelos and grapefruits",2613,"GRAPEFRUIT & PRODUCTS","S01321"
"21433","Pineapple juice","01318","Pineapples",2618,"PINEAPPLES & PRODUCTS","S01318"
"21433.01","Juice of Pineapples, Concentrated","01318","Pineapples",2618,"PINEAPPLES & PRODUCTS","S01318"
"21434","Grape juice","01330","Grapes",2620,"GRAPES & PROD(EXCL.WINE)","S01330"
"21435.01","Apple Juice","01341","Apples",2617,"APPLES & PRODUCTS","S01351"
"21435.02","Apple Juice, Concentrated","01341","Apples",2617,"APPLES & PRODUCTS","S01351"
"21439.01","Juice of Tangerine","01324","Tangerines, mandarins, clementines",2611,"ORANGES,TANG-MAND &PROD.","S01324"
"21439.02","Juice of Lemon","01322","Lemons and limes",2612,"LEMONS, LIMES & PROD.","S01322"
"21439.03","Lemon Juice, Concentrated","01322","Lemons and limes",2612,"LEMONS, LIMES & PROD.","S01322"
"21439.04","Juice of Citrus Fruit nes","01329","Other citrus fruit, n.e.",2614,"CITRUS FRUIT NES & PROD.","S01329"
"21439.05","Citrus Juice, Concentrated nes","01329","Other citrus fruit, n.e.",2614,"CITRUS FRUIT NES & PROD.","S01329"
"21439.06","Juice of plum","01346","Plums and sloes",2625,"FRUIT, OTHER & PRODUCTS","S0139"
"21439.07","Juice of plum, concentrated","01346","Plums and sloes",2625,"FRUIT, OTHER & PRODUCTS","S0139"
"21439.08","Juice of Mango","01316","Mangoes, guavas, mangosteens",2625,"FRUIT, OTHER & PRODUCTS","S0139"
"21439.9","Juice of fruits n.e.","01359.90","Other fruits, n.e.",2625,"FRUIT, OTHER & PRODUCTS","S0139"
"21491","Pineapples, otherwise prepared or preserved","01318","Pineapples",2618,"PINEAPPLES & PRODUCTS","S01318"
"21495.01","Prepared Groundnuts","0142","Groundnuts, excluding shelled",2556,"GROUNDNUTS (SHELLED EQ.)","S0142"
"21495.02","Peanut Butter","0142","Groundnuts, excluding shelled",2556,"GROUNDNUTS (SHELLED EQ.)","S0142"
"21499.01","Mango Pulp","21499.01","Mango Pulp",,,
"21511.01","Fat of pigs","21511.01","Fat of pigs",2737,"FATS, ANIMALS, RAW","S2151"
"21511.02","Pig, Butcher Fat","21511.02","Pig, Butcher Fat",2737,"FATS, ANIMALS, RAW","S2151"
"21511.03","Fat of poultry","21511.03","Fat of poultry",2737,"FATS, ANIMALS, RAW","S2151"
"21512","Cattle fat, unrendered","21512","Cattle fat, unrendered",2737,"FATS, ANIMALS, RAW","S2151"
"21512.01","Cattle, Butcher Fat","21512.01","Cattle, Butcher Fat",2737,"FATS, ANIMALS, RAW","S2151"
"21513","Buffalo fat, unrendered","21513","Buffalo fat, unrendered",2737,"FATS, ANIMALS, RAW","S2151"
"21514","Sheep fat, unrendered","21514","Sheep fat, unrendered",2737,"FATS, ANIMALS, RAW","S2151"
"21515","Goat fat, unrendered","21515","Goat fat, unrendered",2737,"FATS, ANIMALS, RAW","S2151"
"21519.02","Fat of camels","21519.02","Fat of camels",2737,"FATS, ANIMALS, RAW","S2151"
"21519.03","Fat of other camelids","21519.03","Fat of other camelids",2737,"FATS, ANIMALS, RAW","S2151"
"21521","Pig fat, rendered","21511.01","Fat of pigs",2737,"FATS, ANIMALS, RAW","S2151"
"21522","Poultry fat, rendered","21511.03","Fat of poultry",2737,"FATS, ANIMALS, RAW","S2151"
"21523","Tallow","21512","Cattle fat, unrendered",2737,"FATS, ANIMALS, RAW","S2151"
"21529.02","Lard Stearine and Lard Oil","21511.01","Fat of pigs",2737,"FATS, ANIMALS, RAW","S2151"
"21529.03","Animal Oils and Fats nes","21512","Cattle fat, unrendered",2737,"FATS, ANIMALS, RAW","S2151"
"2161","Soya bean oil","2161","Soya bean oil",2571,"SOYABEAN, OIL","S21541"
"2162","Groundnut oil","2162","Groundnut oil",2572,"GROUNDNUT, OIL","S21542"
"21631.01","Sunflower-seed oil, crude","21631.01","Sunflower-seed oil, crude",2573,"SUNFLOWERSEED, OIL","S21543"
"21631.02","Safflower-seed oil, crude","21631.02","Safflower-seed oil, crude",2586,"OILCROPS, OTHER OIL","S21549"
"21641.01","Rapeseed or canola oil, crude","21641.01","Rapeseed or canola oil, crude",2574,"RAPE & MUSTARD, OIL","S21544"
"21641.02","Mustard seed oil, crude","21641.02","Mustard seed oil, crude",2574,"RAPE & MUSTARD, OIL","S21544"
"2165","Palm oil","2165","Palm oil",2577,"PALM, OIL","S21545"
"2166","Coconut oil","2166","Coconut oil",2578,"COPRA, OIL","S21546"
"2167","Olive oil","2167","Olive oil",2580,"OLIVE & RESIDUE, OIL","S21547"
"21673","Oil of olive residues","21673","Oil of olive residues",2580,"OLIVE & RESIDUE, OIL","S21547"
"2168","Cottonseed oil","2168","Cottonseed oil",2575,"COTTONSEED, OIL","S21548"
"21691.01","Oil of Rice Bran","21691.01","Oil of Rice Bran",2581,"RICE, BRAN OIL","S2581"
"21691.02","Oil of Maize","21691.02","Oil of Maize",2582,"MAIZE, GERM OIL","S2582"
"21691.03","Butter of Karite Nuts","21691.03","Butter of Karite Nuts",2586,"OILCROPS, OTHER OIL","S21549"
"21691.04","Oil of Castor Beans","21691.04","Oil of Castor Beans",2586,"OILCROPS, OTHER OIL","S21549"
"21691.05","Oil of Tung Nuts","21691.05","Oil of Tung Nuts",2586,"OILCROPS, OTHER OIL","S21549"
"21691.06","Jojoba Oil","21691.06","Jojoba Oil",2586,"OILCROPS, OTHER OIL","S21549"
"21691.07","Oil of Sesame Seed","21691.07","Oil of Sesame Seed",2579,"SESAMESEED, OIL","S2579"
"21691.08","Oil of Poppy Seed","21691.08","Oil of Poppy Seed",2586,"OILCROPS, OTHER OIL","S21549"
"21691.09","Vegetable tallow","21691.09","Vegetable tallow",2586,"OILCROPS, OTHER OIL","S21549"
"21691.10","Stillingia oil","21691.10","Stillingia oil",2586,"OILCROPS, OTHER OIL","S21549"
"21691.11","Oil of Kapok","21691.11","Oil of Kapok",2586,"OILCROPS, OTHER OIL","S21549"
"21691.12","Oil of Linseed","21691.12","Oil of Linseed",2586,"OILCROPS, OTHER OIL","S21549"
"21691.13","Oil of Hempseed","21691.13","Oil of Hempseed",2586,"OILCROPS, OTHER OIL","S21549"
"21691.14","Oil of Palm Kernel","21691.14","Oil of Palm Kernel",2576,"PALM KERNEL, OIL","S21545"
"21691.90","Other oil of Vegetable Origin, crude n.e.","21691.90","Other oil of Vegetable Origin, crude n.e.",2586,"OILCROPS, OTHER OIL","S21549"
"21693.02","Castor oil, hydrogenated","21691.04","Oil of Castor Beans",2586,"OILCROPS, OTHER OIL","S21549"
"21700.01","Liquid Margarine","21691.90","Other oil of Vegetable Origin, crude n.e.",2586,"OILCROPS, OTHER OIL","S21549"
"21700.02","Margarine and Shortening","21691.90","Other oil of Vegetable Origin, crude n.e.",2586,"OILCROPS, OTHER OIL","S21549"
"21800","Cotton linters","21800","Cotton linters",,,
"21910.01","Cake of Rice Bran","21910.01","Cake of Rice Bran",2598,"OILSEEDS, OTHERS, CAKE","S2598"
"21910.02","Cake of Maize","21910.02","Cake of Maize",2598,"OILSEEDS, OTHERS, CAKE","S2598"
"21910.03","Cake of  Soya beans","21910.03","Cake of  Soya beans",2590,"SOYABEAN, CAKE","S2590"
"21910.04","Cake of  Groundnuts","21910.04","Cake of  Groundnuts",2591,"GROUNDNUT, CAKE","S2591"
"21910.05","Cake of Copra","21910.05","Cake of Copra",2596,"COPRA, CAKE","S2596"
"21910.06","Cake of  Palm kernel","21910.06","Cake of  Palm kernel",2595,"PALMKERNEL, CAKE","S2595"
"21910.07","Cake of  Sunflower seed","21910.07","Cake of  Sunflower seed",2592,"SUNFLOWERSEED, CAKE","S2592"
"21910.08","Cake of  Rapeseed","21910.08","Cake of  Rapeseed",2593,"RAPE & MUSTARD, CAKE","S2593"
"21910.09","Olive Residues","21910.09","Olive Residues",,,
"21910.10","Cake of  Safflowerseed","21910.10","Cake of  Safflowerseed",2598,"OILSEEDS, OTHERS, CAKE","S2598"
"21910.11","Cake of  Sesame seed","21910.11","Cake of  Sesame seed",2597,"SESAMESEED, CAKE","S2597"
"21910.12","Cake of  Mustard seed","21910.12","Cake of  Mustard seed",2593,"RAPE & MUSTARD, CAKE","S2593"
"21910.13","Cake of  Poppy seed","21910.13","Cake of  Poppy seed",2598,"OILSEEDS, OTHERS, CAKE","S2598"
"21910.14","Cake of Kapok","21910.14","Cake of Kapok",2598,"OILSEEDS, OTHERS, CAKE","S2598"
"21910.15","Cake of  Cottonseed","21910.15","Cake of  Cottonseed",2594,"COTTONSEED, CAKE","S2594"
"21910.16","Cake of  Linseed","21910.16","Cake of  Linseed",2598,"OILSEEDS, OTHERS, CAKE","S2598"
"21910.17","Cake of Hempseed","21910.17","Cake of Hempseed",2598,"OILSEEDS, OTHERS, CAKE","S2598"
"21910.90","Cake of Oilseeds nes","21910.90","Cake of Oilseeds nes",2598,"OILSEEDS, OTHERS, CAKE","S2598"
"21920","Flours and meals of oil seeds or oleaginous fruits, except those of mustard","01449.90","Other oil seeds, n.e.",2570,"OILCROPS, OTHERS","S0149"
"21931","Vegetable waxes (other than triglycerides)","21931","Vegetable waxes (other than triglycerides)",,,
"21932.01","Degras","21932.01","Degras",2737,"FATS, ANIMALS, RAW","S2151"
"21932.02","Residues of Fatty Substances","2165","Palm oil",2577,"PALM, OIL","S21545"
"22110.01","Standardized Milk","22110.01","Standardized Milk",,,
"22110.02","Skim Milk of Cows","02211","Raw milk of cattle",2848,"MILK & PROD (EXCL BUTTER","S2211"
"22110.03","Reconstituted Milk","02211","Raw milk of cattle",2848,"MILK & PROD (EXCL BUTTER","S2211"
"22110.04","Skim Milk of Buffalo","02212","Raw milk of buffalo",2848,"MILK & PROD (EXCL BUTTER","S2211"
"22110.05","Skim Sheep Milk","02291","Raw milk of sheep",2848,"MILK & PROD (EXCL BUTTER","S2211"
"22110.06","Skim Milk of Goat","02292","Raw milk of goats",2848,"MILK & PROD (EXCL BUTTER","S2211"
"22120","Cream, fresh","22120","Cream, fresh",2743,"CREAM","S22120"
"22130.01","Whey, Condensed","22130.03","Whey, Fresh",2848,"MILK & PROD (EXCL BUTTER","S2211"
"22130.02","Dry Whey","22130.03","Whey, Fresh",2848,"MILK & PROD (EXCL BUTTER","S2211"
"22130.03","Whey, Fresh","22130.03","Whey, Fresh",2848,"MILK & PROD (EXCL BUTTER","S2211"
"22211","Whole milk powder","02211","Raw milk of cattle",2848,"MILK & PROD (EXCL BUTTER","S2211"
"22212","Skim milk and whey powder","02211","Raw milk of cattle",2848,"MILK & PROD (EXCL BUTTER","S2211"
"22221.01","Whole Milk, Evaporated","02211","Raw milk of cattle",2848,"MILK & PROD (EXCL BUTTER","S2211"
"22221.02","Skim Milk, Evaporated","02211","Raw milk of cattle",2848,"MILK & PROD (EXCL BUTTER","S2211"
"22222.01","Whole Milk, Condensed","02211","Raw milk of cattle",2848,"MILK & PROD (EXCL BUTTER","S2211"
"22222.02","Skim Milk, Condensed","02211","Raw milk of cattle",2848,"MILK & PROD (EXCL BUTTER","S2211"
"22230.01","Yoghurt","02211","Raw milk of cattle",2848,"MILK & PROD (EXCL BUTTER","S2211"
"22230.02","Yoghurt, Concentrated or Unconcent","02211","Raw milk of cattle",2848,"MILK & PROD (EXCL BUTTER","S2211"
"22230.03","Buttermilk, Curdled Milk, Acidifie","02211","Raw milk of cattle",2848,"MILK & PROD (EXCL BUTTER","S2211"
"22230.04","Dry Buttermilk","02211","Raw milk of cattle",2848,"MILK & PROD (EXCL BUTTER","S2211"
"22241.01","Butter of Cow Milk","22241.01","Butter of Cow Milk",2740,"BUTTER ,GHEE","S2224"
"22241.02","Ghee from Cow Milk","22241.02","Ghee from Cow Milk",2740,"BUTTER ,GHEE","S2224"
"22242.01","Butter of Buffalo Milk","22242.01","Butter of Buffalo Milk",2740,"BUTTER ,GHEE","S2224"
"22242.02","Ghee, from Buffalo Milk","22242.02","Ghee, from Buffalo Milk",2740,"BUTTER ,GHEE","S2224"
"22249.01","Butter and Ghee of Sheep Milk","22249.01","Butter and Ghee of Sheep Milk",2740,"BUTTER ,GHEE","S2224"
"22249.02","Butter of Goat Milk","22249.02","Butter of Goat Milk",2740,"BUTTER ,GHEE","S2224"
"22251.01","Cheese from Whole Cow Milk","02211","Raw milk of cattle",2848,"MILK & PROD (EXCL BUTTER","S2211"
"22251.02","Cheese from Skimmed Cow Milk","02211","Raw milk of cattle",2848,"MILK & PROD (EXCL BUTTER","S2211"
"22251.03","Whey Cheese","22130.03","Whey, Fresh",2848,"MILK & PROD (EXCL BUTTER","S2211"
"22251.04","Processed Cheese","02211","Raw milk of cattle",2848,"MILK & PROD (EXCL BUTTER","S2211"
"22252","Cheese from milk of buffalo, fresh or processed","02212","Raw milk of buffalo",2848,"MILK & PROD (EXCL BUTTER","S2211"
"22253","Cheese from milk of sheep, fresh or processed","02291","Raw milk of sheep",2848,"MILK & PROD (EXCL BUTTER","S2211"
"22254","Cheese from milk of goats, fresh or processed","02292","Raw milk of goats",2848,"MILK & PROD (EXCL BUTTER","S2211"
"22260","Casein","02211","Raw milk of cattle",2848,"MILK & PROD (EXCL BUTTER","S2211"
"22270","Ice cream and other edible ice","22270","Ice cream and other edible ice",2848,"MILK & PROD (EXCL BUTTER","S2211"
"22290","Dairy products n.e.","22290","Dairy products n.e.",2848,"MILK & PROD (EXCL BUTTER","S2211"
"23110","Wheat and meslin flour","0111","Wheat",2511,"WHEAT & PRODUCTS","S0111"
"23120.01","Flour of Rice","0113","Rice",2805,"RICE & PROD (MILLED EQ.)","S0113"
"23120.02","Barley Flour and Grits","0115","Barley",2513,"BARLEY & PRODUCTS","S0115"
"23120.03","Flour of Maize","0112","Maize (corn)",2514,"MAIZE & PRODUCTS","S0112"
"23120.04","Flour of Rye","0116","Rye",2515,"RYE & PRODUCTS","S0116"
"23120.05","Flour of Millet","0118","Millet",2517,"MILLET & PRODUCTS","S0118"
"23120.06","Flour of Sorghum","0114","Sorghum",2518,"SORGHUM & PRODUCTS","S0114"
"23120.07","Flour of Buckwheat","01192","Buckwheat",2520,"CEREALS,OTHERS &PRODUCTS","S0119"
"23120.08","Flour of Fonio","01193","Fonio",2520,"CEREALS,OTHERS &PRODUCTS","S0119"
"23120.09","Flour of Triticale","01191","Triticale",2520,"CEREALS,OTHERS &PRODUCTS","S0119"
"23120.10","Flour of Mixed Grain","01199.02","Mixed grain",2520,"CEREALS,OTHERS &PRODUCTS","S0119"
"23120.90","Flour of Cereals nes","01199.90","Other cereals n.e.",2520,"CEREALS,OTHERS &PRODUCTS","S0119"
"23140.01","Germ of Wheat","23140.01","Germ of Wheat",2511,"WHEAT & PRODUCTS","S0111"
"23140.02","Bulgur","0111","Wheat",2511,"WHEAT & PRODUCTS","S0111"
"23140.03","Breakfast Cereals","0111","Wheat",2511,"WHEAT & PRODUCTS","S0111"
"23140.04","Pot Barley","0115","Barley",2513,"BARLEY & PRODUCTS","S0115"
"23140.05","Barley, Pearled","0115","Barley",2513,"BARLEY & PRODUCTS","S0115"
"23140.06","Germ of Maize","23140.06","Germ of Maize",2514,"MAIZE & PRODUCTS","S0112"
"23140.07","Oats, Rolled","0117","Oats",2516,"OATS & PRODUCTS","S0117"
"23140.08","Cereal Preparations","01199.90","Other cereals n.e.",2520,"CEREALS,OTHERS &PRODUCTS","S0119"
"23161.01","Rice, Milled (Husked)","0113","Rice",2805,"RICE & PROD (MILLED EQ.)","S0113"
"23161.02","Rice, Milled","0113","Rice",2805,"RICE & PROD (MILLED EQ.)","S0113"
"23161.03","Rice, Broken","0113","Rice",2805,"RICE & PROD (MILLED EQ.)","S0113"
"23162","Husked rice","0113","Rice",2805,"RICE & PROD (MILLED EQ.)","S0113"
"23170.01","Flour of Cassava","01520","Cassava",2532,"CASSAVA & PRODUCTS","S01520"
"23170.02","Flour of Roots and Tubers nes","01599","Other edible roots and tubers with high starch or inulin content, n.e.",2534,"ROOTS&TUBERS,OTH & PROD.","S0159"
"23170.03","Flour of Pulses","01709.90","Pulses n.e.",2549,"PULSES, OTHER & PROD.","S01709"
"23170.04","Flour of Fruits","01359.90","Other fruits, n.e.",2625,"FRUIT, OTHER & PRODUCTS","S0139"
"23180","Mixes and doughs for the preparation of bakers' wares","23180","Mixes and doughs for the preparation of bakers' wares",2511,"WHEAT & PRODUCTS","S0111"
"23210.01","Fructose, Chemically Pure","23210.01","Fructose, Chemically Pure",2543,"SWEETENERS, OTHER & PROD","S2543"
"23210.02","Maltose, Chemically Pure","23210.02","Maltose, Chemically Pure",2543,"SWEETENERS, OTHER & PROD","S2543"
"23210.03","Other Fructose and Syrup","23210.03","Other Fructose and Syrup",2543,"SWEETENERS, OTHER & PROD","S2543"
"23210.04","Sugar and Syrups nes","23210.04","Sugar and Syrups nes",2543,"SWEETENERS, OTHER & PROD","S2543"
"23210.05","Glucose and Dextrose","23210.05","Glucose and Dextrose",2543,"SWEETENERS, OTHER & PROD","S2543"
"23210.06","Lactose","23210.06","Lactose",2543,"SWEETENERS, OTHER & PROD","S2543"
"23210.07","Glucose and glucose syrup; fructose and fructose syrup; lactose and lactose syrup; invert sugar; sugars and sugar syrups n.e.; artificial honey; caramel","23210.07","Glucose and glucose syrup; fructose and fructose syrup; lactose and lactose syrup; invert sugar; sugars and sugar syrups n.e.; artificial honey; caramel",,,
"23210.08","Isoglucose","23210.05","Glucose and Dextrose",2543,"SWEETENERS, OTHER & PROD","S2543"
"23220.01","Starch of Wheat","0111","Wheat",2511,"WHEAT & PRODUCTS","S0111"
"23220.02","Wheat Gluten","23220.02","Wheat Gluten",2511,"WHEAT & PRODUCTS","S0111"
"23220.03","Starch of Rice","0113","Rice",2805,"RICE & PROD (MILLED EQ.)","S0113"
"23220.04","Starch of Maize","0112","Maize (corn)",2514,"MAIZE & PRODUCTS","S0112"
"23220.05","Starch of Potatoes","01510","Potatoes",2531,"POTATOES & PRODUCTS","S01510"
"23220.06","Starch of Cassava","01520","Cassava",2532,"CASSAVA & PRODUCTS","S01520"
"23230.01","Tapioca of Potatoes","01510","Potatoes",2531,"POTATOES & PRODUCTS","S01510"
"23230.02","Tapioca of Cassava","01520","Cassava",2532,"CASSAVA & PRODUCTS","S01520"
"23311","Dog or cat food, put up for retail sale","23311","Dog or cat food, put up for retail sale",,,
"23319.01","Compound Feed, Cattle","23319.01","Compound Feed, Cattle",,,
"23319.02","Compound Feed, Poultry","23319.02","Compound Feed, Poultry",,,
"23319.03","Compound Feed, Pigs","23319.03","Compound Feed, Pigs",,,
"23319.04","Compound Feed nes","23319.04","Compound Feed nes",,,
"23319.05","Feed Yeast","23319.05","Feed Yeast",,,
"23319.06","Feed Supplements","23319.06","Feed Supplements",,,
"23319.08","Other Concentrates nes","23319.08","Other Concentrates nes",,,
"23319.10","Feed Additives","23319.10","Feed Additives",,,
"23319.11","Feed Minerals","23319.11","Feed Minerals",,,
"23320","Lucerne (alfalfa) meal and pellets","23320","Lucerne (alfalfa) meal and pellets",,,
"23490.02","Communion wafers, empty cachets of a kind suitable for pharmaceutical use, sealing wafers, rice paper and similar products.","0111","Wheat",2511,"WHEAT & PRODUCTS","S0111"
"23510",,"23510",,2542,"SUGAR & PROD. (RAW EQ.)","S2351"
"23511.01","Non-centrifugal (cane)","23510",,2542,"SUGAR & PROD. (RAW EQ.)","S2351"
"23511.02",,"23511.02",,2541,"SUGAR, NON-CENTRIFUGAL","S23511"
"23512","Beet sugar","23510",,2542,"SUGAR & PROD. (RAW EQ.)","S2351"
"23520","Refined sugar","23510",,2542,"SUGAR & PROD. (RAW EQ.)","S2351"
"23530","Refined cane or beet sugar, in solid form, containing added flavouring or colouring matter; maple sugar and maple syrup","23530","Refined cane or beet sugar, in solid form, containing added flavouring or colouring matter; maple sugar and maple syrup",2543,"SWEETENERS, OTHER & PROD","S2543"
"23540","Molasses (from beet, cane and maize)","23540","Molasses (from beet, cane and maize)",2543,"SWEETENERS, OTHER & PROD","S2543"
"23610.01","Cocoa paste not defatted","01640","Cocoa beans",2633,"COCOA BEANS & PRODUCTS","S01640"
"23620","Cocoa butter, fat and oil","23620","Cocoa butter, fat and oil",2586,"OILCROPS, OTHER OIL","S21549"
"23670.01","Sugar Confectionery","23510",,2542,"SUGAR & PROD. (RAW EQ.)","S2351"
"23670.02","Fruit, Nuts, Peel, Sugar Preserved","01346","Plums and sloes",2625,"FRUIT, OTHER & PRODUCTS","S0139"
"23710","Uncooked pasta, not stuffed or otherwise prepared","0111","Wheat",2511,"WHEAT & PRODUCTS","S0111"
"23911","Coffee, decaffeinated or roasted","01610","Coffee, green",2630,"COFFEE & PRODUCTS","S0161"
"23912.01","Coffee Substitutes","01691","Chicory roots",2605,"VEGETABLES, OTHER & PROD","S01290"
"23912.02","Coffee Extracts","01610","Coffee, green",2630,"COFFEE & PRODUCTS","S0161"
"23914","Extracts, essences and concentrates of tea or mate, and preparations with a basis thereof or with a basis of tea or matï¿½","23914","Extracts, essences and concentrates of tea or mate, and preparations with a basis thereof or with a basis of tea or matï¿½",2635,"TEA","S01620"
"23991.01","Infant Food","23991.01","Infant Food",2680,"INFANT FOOD","S23991.01"
"23991.02","Homogenized Vegetable Preparations","01290.90","Other vegetables, fresh n.e.",2605,"VEGETABLES, OTHER & PROD","S01290"
"23991.03","Homogenized Cooked Fruit, Prepared","01346","Plums and sloes",2625,"FRUIT, OTHER & PRODUCTS","S0139"
"23991.04","Homogenized Meat Preparations","21111.01","Meat of cattle, fresh or chilled",2731,"MEAT & PRODUCTS, BOVINE","S21111"
"23993.01","Egg Albumin","23993.01","Egg Albumin",2744,"EGGS & PRODUCTS","S023"
"23993.02","Eggs, Liquid","0231","Hen eggs in shell, fresh",2744,"EGGS & PRODUCTS","S023"
"23993.03","Eggs, Dried","0231","Hen eggs in shell, fresh",2744,"EGGS & PRODUCTS","S023"
"23995.01","Soya Sauce","0141","Soya beans",2555,"SOYABEANS & PRODUCTS","S0141"
"23995.02","Soya Paste","0141","Soya beans",2555,"SOYABEANS & PRODUCTS","S0141"
"23995.03","Flour of Mustard Seed","01442","Mustard seed",2558,"RAPE, MUSTARD SEEDS","S01443"
"23999.01","Malt Extract","0115","Barley",2513,"BARLEY & PRODUCTS","S0115"
"23999.02","Food Preparations of Flour, Meal or Malt Extract","23999.02","Food Preparations of Flour, Meal or Malt Extract",2511,"WHEAT & PRODUCTS","S0111"
"23999.03","Soya Curd","0141","Soya beans",2555,"SOYABEANS & PRODUCTS","S0141"
"23999.04","Pyrethrum Extract","01930.02","Pyrethrum, dried flowers",,,
"24110","Undenatured ethyl alcohol of an alcoholic strength by volume of 80% vol or higher","24110","Undenatured ethyl alcohol of an alcoholic strength by volume of 80% vol or higher",2659,"ALCOHOL, NON-FOOD","S34131"
"2413","Undenatured ethyl alcohol of an alcoholic strength by volume of less than 80% vol; spirits, liqueurs and other spirituous beverages","2413","Undenatured ethyl alcohol of an alcoholic strength by volume of less than 80% vol; spirits, liqueurs and other spirituous beverages",2658,"BEVERAGES, ALCOHOLIC","S2658"
"24212.01","Must of Grape","01330","Grapes",2620,"GRAPES & PROD(EXCL.WINE)","S01330"
"24212.02","Wine","24212.02","Wine",2655,"WINE","S2421"
"24220","Vermouth and other wine of fresh grapes flavoured with plats or aromatic substances","24212.02","Wine",2655,"WINE","S2421"
"24230.01","Wheat-Fermented Beverages","24230.01","Wheat-Fermented Beverages",2657,"BEVERAGES, FERMENTED","S2657"
"24230.02","Rice-Fermented Beverages","24230.02","Rice-Fermented Beverages",2657,"BEVERAGES, FERMENTED","S2657"
"24230.03","Cider and other fermented beverages","24230.03","Cider and other fermented beverages",2657,"BEVERAGES, FERMENTED","S2657"
"24310.01","Beer of Barley, malted","24310.01","Beer of Barley, malted",2656,"BARLEY, BEER","S24310"
"24310.02","Beer of Maize, malted","24310.02","Beer of Maize, malted",2657,"BEVERAGES, FERMENTED","S2657"
"24310.03","Beer of Millet, malted","24310.03","Beer of Millet, malted",2657,"BEVERAGES, FERMENTED","S2657"
"24310.04","Beer of Sorghum, malted","24310.04","Beer of Sorghum, malted",2657,"BEVERAGES, FERMENTED","S2657"
"24320","Malt, whether or not roasted","0115","Barley",2513,"BARLEY & PRODUCTS","S0115"
"24490.92","Other non-alcoholic caloric beverages n.e.c","23210.05","Glucose and Dextrose",2543,"SWEETENERS, OTHER & PROD","S2543"
"25020.01","Cigarettes","01970","Unmanufactured tobacco",2671,"TOBACCO & PRODUCTS","S250"
"25020.02","Cigars and Cheroots","01970","Unmanufactured tobacco",2671,"TOBACCO & PRODUCTS","S250"
"25090","Other manufactured tobacco and manufactured tobacco substitutes; homogenized or reconstituted tobacco; tobacco extracts and essences","01970","Unmanufactured tobacco",2671,"TOBACCO & PRODUCTS","S250"
"26110","Raw silk (not thrown)","26110","Raw silk (not thrown)",2747,"SILK","S02944"
"26130","Wool, degreased or carbonized, not carded or combed","26130","Wool, degreased or carbonized, not carded or combed",2746,"WOOL (CLEAN EQUIVALENT)","S2615"
"26150.01","Hair, Carded, Combed","26150.01","Hair, Carded, Combed",,,
"26150.02","Wool Tops","26150.02","Wool Tops",,,
"26160","Cotton, carded or combed","26160","Cotton, carded or combed",,,
"26190.01","Flax fibre and tow","26190.01","Flax fibre and tow",2664,"FIBRES, SOFT OTHERS","S2619"
"26190.02","Flax tow and waste","26190.02","Flax tow and waste",2664,"FIBRES, SOFT OTHERS","S2619"
"34120","Industrial monocarboxylic fatty acids; acid oils from refining/n","2165","Palm oil",2577,"PALM, OIL","S21545"
"34550","Animal or vegetable fats and oils and their fractions, chemically modified, except those hydrogenated, inter-esterified, re-esterified or elaidinized; inedible mixtures or preparations of animal or vegetable fats or oils/n","21691.12","Oil of Linseed",2586,"OILCROPS, OTHER OIL","S21549"
"35410.01","Oil of citronella","35410.01","Oil of citronella",,,
"35410.90","Essential oils nes","35410.90","Essential oils nes",,,
"39110.01","Hair of horses","39110.01","Hair of horses",,,
"39120.01","Bran of Wheat","39120.01","Bran of Wheat",2511,"WHEAT & PRODUCTS","S0111"
"39120.02","Bran of Rice","39120.02","Bran of Rice",2805,"RICE & PROD (MILLED EQ.)","S0113"
"39120.03","Bran of Barley","39120.03","Bran of Barley",2513,"BARLEY & PRODUCTS","S0115"
"39120.04","Bran of Maize","39120.04","Bran of Maize",2514,"MAIZE & PRODUCTS","S0112"
"39120.05","Bran of Rye","39120.05","Bran of Rye",2515,"RYE & PRODUCTS","S0116"
"39120.06","Bran of Oats","39120.06","Bran of Oats",2516,"OATS & PRODUCTS","S0117"
"39120.07","Bran of Millet","39120.07","Bran of Millet",2517,"MILLET & PRODUCTS","S0118"
"39120.08","Bran of Sorghum","39120.08","Bran of Sorghum",2518,"SORGHUM & PRODUCTS","S0114"
"39120.09","Bran of Buckwheat","39120.09","Bran of Buckwheat",2520,"CEREALS,OTHERS &PRODUCTS","S0119"
"39120.10","Bran of Fonio","39120.10","Bran of Fonio",2520,"CEREALS,OTHERS &PRODUCTS","S0119"
"39120.11","Bran of Triticale","39120.11","Bran of Triticale",2520,"CEREALS,OTHERS &PRODUCTS","S0119"
"39120.12","Bran of Mixed Grain","39120.12","Bran of Mixed Grain",2520,"CEREALS,OTHERS &PRODUCTS","S0119"
"39120.13","Bran of Cereals nes","39120.13","Bran of Cereals nes",2520,"CEREALS,OTHERS &PRODUCTS","S0119"
"39120.14","Bran of Pulses","39120.14","Bran of Pulses",2549,"PULSES, OTHER & PROD.","S01709"
"39120.15","Pulp, Waste of Fruit for Feed","39120.15","Pulp, Waste of Fruit for Feed",,,
"39120.16","Beet Tops","39120.16","Beet Tops",,,
"39120.17","Cane Tops","39120.17","Cane Tops",,,
"39120.90","Vegetable Products for Feed nes","39120.90","Vegetable Products for Feed nes",,,
"39130.01","Rice, Gluten","39130.01","Rice, Gluten",2805,"RICE & PROD (MILLED EQ.)","S0113"
"39130.02","Maize Gluten","39130.02","Maize Gluten",2514,"MAIZE & PRODUCTS","S0112"
"39130.03","Potato Offals","39130.03","Potato Offals",,,
"39130.04","Gluten Feed and Meal","39130.02","Maize Gluten",2514,"MAIZE & PRODUCTS","S0112"
"39140.01","Beet Pulp","39140.01","Beet Pulp",,,
"39140.02","Bagasse","39140.02","Bagasse",,,
"39150.01","Coffee Husks and Skins","39150.01","Coffee Husks and Skins",,,
"39150.02","Cocoa Husks and Shells","39150.02","Cocoa Husks and Shells",,,
"39160","Brewing or distilling dregs and waste","39160","Brewing or distilling dregs and waste",,,
"39170.01","Food Wastes","39170.01","Food Wastes",,,
"39170.02","Food Waste, Prep. for Feed","39170.02","Food Waste, Prep. for Feed",,,
"39211","Silk waste","39211","Silk waste",2747,"SILK","S02944"
"39213","Garnetted stock of wool or of fine or coarse animal hair","39213","Garnetted stock of wool or of fine or coarse animal hair",,,
"F0020","bread","0111","Wheat",2511,"WHEAT & PRODUCTS","S0111"
"F0022","pastry","0111","Wheat",2511,"WHEAT & PRODUCTS","S0111"
"F0235","prepared nuts","01379.90","Other nuts (excluding wild edible nuts and groundnuts), in shell, n.e.",2551,"NUTS & PRODUCTS","S0137"
"F0262","olives preserved","01450","Olives",2563,"OLIVES","S01450"
"F0472","vegetables preserved nes (o/t vinegar)","01290.90","Other vegetables, fresh n.e.",2605,"VEGETABLES, OTHER & PROD","S01290"
"F0473","vegetables frozen","01290.90","Other vegetables, fresh n.e.",2605,"VEGETABLES, OTHER & PROD","S01290"
"F0475","vegetables preserved (frozen)","01290.90","Other vegetables, fresh n.e.",2605,"VEGETABLES, OTHER & PROD","S01290"
"F0623","fruit prepared n.e.","01359.90","Other fruits, n.e.",2625,"FRUIT, OTHER & PRODUCTS","S0139"
"F0665","cocoa powder and cake","01640","Cocoa beans",2633,"COCOA BEANS & PRODUCTS","S01640"
"F0666","chocolate products nes","01640","Cocoa beans",2633,"COCOA BEANS & PRODUCTS","S01640"
"F0769","cotton waste","F0769","cotton waste",,,
"F0875","beef and veal preparations nes","21111.01","Meat of cattle, fresh or chilled",2731,"MEAT & PRODUCTS, BOVINE","S21111"
"F0994","wool grease and lanolin","F0994","wool grease and lanolin",2737,"FATS, ANIMALS, RAW","S2151"
"F1009","wool, hair waste","F1009","wool, hair waste",,,
"F1042","pig meat preparations","21113.01","Meat of pig, fresh or chilled",2733,"MEAT & PRODUCTS, PIG","S21113"
"F1061","poultry meat preparations","21121","Meat of chickens, fresh or chilled",2734,"MEAT & PRODUCTS, POULTRY","S2112"
"F1172","meat prepared n.e.","21119.90","Other meat of mammals, fresh or chilled",2735,"MEAT & PROD, OTHER ANIM.","S2119"
"F1217","leather, used and waste","F1217","leather, used and waste",,,
"F1232","food preparations n.e.","F1232","food preparations n.e.",,,
"F1243","fat preparations n.e.","21512","Cattle fat, unrendered",2737,"FATS, ANIMALS, RAW","S2151"
"F1275","hydrogenated oils and fats","21691.90","Other oil of Vegetable Origin, crude n.e.",2586,"OILCROPS, OTHER OIL","S21549"
"F1293","crude organic material n.e.","F1293","crude organic material n.e.",,,
"F1294","seeds for planting","F1294","seeds for planting",,,
